391,Mathematical Mischief-1,Green,P
431,Mathematical Mischief-2,Gray,P
196,Mathematical Mischief-3,Red,P
342,Mathematical Mischief-4,Yellow,P
354,Mathematical Mischief-5,Purple,P
224,Bacteria!-1,Green,P
320,Bacteria!-2,Gray,P
147,Bacteria!-3,Red,P
338,Bacteria!-4,Yellow,P
412,Bacteria!-5,Purple,P
233,Letter Coding-1,Green,P
201,Letter Coding-2,Gray,P
254,Letter Coding-3,Red,P
344,Letter Coding-4,Yellow,P
492,Letter Coding-5,Purple,P
450,Battleship-1,Green,P
110,Battleship-2,Gray,P
475,Battleship-3,Red,P
171,Battleship-4,Yellow,P
210,Battleship-5,Purple,P
225,World Map-1,Green,P
152,World Map-2,Gray,P
247,World Map-3,Red,P
159,World Map-4,Yellow,P
381,World Map-5,Purple,P
101,Clock Communication-1,Green,P
318,Clock Communication-2,Gray,P
104,Clock Communication-3,Red,P
484,Clock Communication-4,Yellow,P
325,Clock Communication-5,Purple,P
142,Maze-1,Pink,P
349,Maze-2,Pink,P
214,Maze-3,Pink,P
264,Maze-4,Pink,P
106,Maze Meta,Pink,P
446,PartnersInCrime-1,Green,P
398,PartnersInCrime-2,Gray,P
491,PartnersInCrime-3,Red,P
392,PartnersInCrime-4,Yellow,P
327,PartnersInCrime-5,Purple,P
426,KeyWordPlay-1,Green,P
434,KeyWordPlay-2,Gray,P
265,KeyWordPlay-3,Red,P
310,KeyWordPlay-4,Yellow,P
389,KeyWordPlay-5,Purple,P
645,Magical Creatures-1,Green,C
665,Magical Creatures-2,Gray,C
548,Magical Creatures-3,Red,C
621,Magical Creatures-4,Yellow,C
627,Magical Creatures-5,Purple,C
562,Building Perspective-1,Green,C
609,Building Perspective-2,Gray,C
524,Building Perspective-3,Red,C
619,Building Perspective-4,Yellow,C
655,Building Perspective-5,Purple,C
566,Headup-1,Green,C
551,Headup-2,Gray,C
577,Headup-3,Red,C
622,Headup-4,Yellow,C
695,Headup-5,Purple,C
675,Furniture Factory-1,Green,C
505,Furniture Factory-2,Gray,C
687,Furniture Factory-3,Red,C
535,Furniture Factory-4,Yellow,C
555,Furniture Factory-5,Purple,C
526,Landmark Challenge-1,Green,C
573,Landmark Challenge-2,Gray,C
530,Landmark Challenge-3,Red,C
640,Landmark Challenge-4,Yellow,C
501,Landmark Challenge-5,Purple,C
845,Quest-1,Green,Q
865,Quest-2,Gray,Q
748,Quest-3,Red,Q
821,Quest-4,Yellow,Q
827,Quest-5,Purple,Q
762,Quest-6,Green,Q
809,Quest-7,Gray,Q
724,Quest-8,Red,Q
819,Quest-9,Yellow,Q
855,Quest-10,Purple,Q
766,Quest-11,Green,Q
751,Quest-12,Gray,Q
777,Quest-13,Red,Q
822,Quest-14,Yellow,Q
895,Quest-15,Purple,Q
,,,
,,,
,,,
,,,
,,,
